TimeStamps,X,Y,Z,,Mag.
2018-07-04T12:04:20.763596,-1.01,0.228,0.087,1,1.039063521
2018-07-04T12:04:20.811224,-0.984,0.217,0.073,1,1.010284118
2018-07-04T12:04:20.857848,-0.984,0.217,0.073,1,1.010284118
2018-07-04T12:04:20.904974,-0.984,0.229,0.047,1,1.011388155
2018-07-04T12:04:20.945081,-0.984,0.229,0.047,1,1.011388155
2018-07-04T12:04:20.996217,-1.001,0.216,0.057,1,1.025624688
2018-07-04T12:04:21.062394,-0.997,0.228,0.088,1,1.026516926
2018-07-04T12:04:21.104007,-0.997,0.228,0.088,1,1.026516926
2018-07-04T12:04:21.148626,-0.969,0.295,0.097,1,1.017543611
2018-07-04T12:04:21.197255,-0.922,0.311,0.129,1,0.981552851
2018-07-04T12:04:21.242877,-0.922,0.311,0.129,1,0.981552851
2018-07-04T12:04:21.289501,-0.916,0.342,0.149,1,0.989050555
2018-07-04T12:04:21.346654,-0.896,0.31,0.171,1,0.963409051
2018-07-04T12:04:21.399796,-0.896,0.31,0.171,1,0.963409051
2018-07-04T12:04:21.444917,-0.836,0.202,0.135,1,0.870588881
2018-07-04T12:04:21.496555,-0.836,0.202,0.135,1,0.870588881
2018-07-04T12:04:21.541676,-0.743,0.152,0.123,1,0.768298119
2018-07-04T12:04:21.588300,-0.515,0.134,0.01,1,0.532241487
2018-07-04T12:04:21.671522,-0.343,-0.029,0.014,1,0.344508345
2018-07-04T12:04:21.769786,-1.203,-0.245,0.016,1,1.227798843
2018-07-04T12:04:21.805886,-1.203,-0.245,0.016,1,1.227798843
2018-07-04T12:04:21.852010,-2.085,-0.165,0.328,1,2.117081482
2018-07-04T12:04:21.899139,-1.076,0.223,0.309,1,1.141484122
2018-07-04T12:04:21.948273,-1.076,0.223,0.309,1,1.141484122
2018-07-04T12:04:21.992390,0.192,-1.305,0.091,1,1.3221838
2018-07-04T12:04:22.041528,0.192,-1.305,0.091,1,1.3221838
2018-07-04T12:04:22.085645,-0.125,-2.343,0.007,1,2.346342473
2018-07-04T12:04:22.133778,-0.125,-2.343,0.007,1,2.346342473
2018-07-04T12:04:22.180904,0.249,-1.385,-0.015,1,1.407284975
2018-07-04T12:04:22.226032,0.447,-0.5,-0.139,1,0.684930653
2018-07-04T12:04:22.275163,0.447,-0.5,-0.139,1,0.684930653
2018-07-04T12:04:22.332321,0.218,-0.307,-0.123,1,0.396108571
2018-07-04T12:04:22.383457,-0.082,-0.469,-0.029,1,0.476996855
2018-07-04T12:04:22.428583,-0.082,-0.469,-0.029,1,0.476996855
2018-07-04T12:04:22.483730,-0.093,-1.133,-0.063,1,1.138554786
2018-07-04T12:04:22.554924,-0.298,-1.536,-0.598,1,1.675023582
2018-07-04T12:04:22.602050,-0.298,-1.536,-0.598,1,1.675023582
2018-07-04T12:04:22.654189,-0.59,-1.127,-0.701,1,1.45245654
2018-07-04T12:04:22.698308,-0.176,-0.578,-0.32,1,0.683710465
2018-07-04T12:04:22.742426,-0.176,-0.578,-0.32,1,0.683710465
2018-07-04T12:04:22.792559,-0.442,-0.494,-0.212,1,0.695948274
2018-07-04T12:04:22.835173,-0.442,-0.494,-0.212,1,0.695948274
2018-07-04T12:04:22.886811,-0.586,-0.88,-0.603,1,1.217129821
2018-07-04T12:04:22.973543,-0.438,-0.941,-0.709,1,1.256982896
2018-07-04T12:04:23.025716,-0.263,-0.7,-0.362,1,0.830790587
2018-07-04T12:04:23.112949,-0.334,-0.851,-0.348,1,0.978192721
2018-07-04T12:04:23.154059,-0.334,-0.851,-0.348,1,0.978192721
2018-07-04T12:04:23.197174,-0.29,-0.958,-0.371,1,1.067475995
2018-07-04T12:04:23.244300,-0.253,-0.892,-0.193,1,0.94705966
2018-07-04T12:04:23.299447,-0.253,-0.892,-0.193,1,0.94705966
2018-07-04T12:04:23.351085,-0.229,-0.858,-0.132,1,0.897791178
2018-07-04T12:04:23.399715,-0.292,-0.906,-0.161,1,0.965412347
2018-07-04T12:04:23.446842,-0.292,-0.906,-0.161,1,0.965412347
2018-07-04T12:04:23.492463,-0.395,-0.914,-0.216,1,1.018860638
2018-07-04T12:09:23.419628,-1.034,-0.293,-0.04,6,1.075455717
2018-07-04T12:09:23.469262,-1.222,0.02,-0.14,6,1.230156088
2018-07-04T12:09:23.513885,-1.222,0.02,-0.14,6,1.230156088
2018-07-04T12:09:23.561011,-1.51,-0.131,0.25,6,1.53615136
2018-07-04T12:09:23.617163,-1.51,-0.131,0.25,6,1.53615136
2018-07-04T12:09:23.685348,-1.342,-0.214,-0.318,6,1.395666149
2018-07-04T12:09:23.733479,-1.147,-0.012,-0.291,6,1.183399341
2018-07-04T12:09:23.781107,-1.147,-0.012,-0.291,6,1.183399341
2018-07-04T12:09:23.826731,-0.691,-0.287,-0.088,6,0.753388346
2018-07-04T12:09:23.871854,-0.502,-0.284,-0.123,6,0.589736382
2018-07-04T12:09:23.943046,-0.602,-0.45,0.055,6,0.753610642
2018-07-04T12:09:23.985662,-0.602,-0.45,0.055,6,0.753610642
2018-07-04T12:09:24.029782,-1.891,0.289,0.979,6,2.148916704
2018-07-04T12:09:24.078413,-1.891,0.289,0.979,6,2.148916704
2018-07-04T12:09:24.122032,-0.931,-0.107,-0.04,6,0.937981876
2018-07-04T12:09:24.187710,-0.917,-0.195,-0.189,6,0.956365516
2018-07-04T12:09:24.245867,-0.917,-0.195,-0.189,6,0.956365516
2018-07-04T12:09:24.296003,-0.982,-0.118,-0.269,6,1.024992195
2018-07-04T12:09:24.341627,-1.031,-0.146,-0.104,6,1.046466913
2018-07-04T12:09:24.391763,-1.031,-0.146,-0.104,6,1.046466913
2018-07-04T12:09:24.435381,-0.845,-0.192,-0.235,6,0.897838516
2018-07-04T12:09:24.534650,-0.899,-0.292,-0.115,6,0.95220271
2018-07-04T12:09:24.582279,-1.076,-0.324,0.004,6,1.123729505
2018-07-04T12:09:24.627902,-1.076,-0.324,0.004,6,1.123729505
2018-07-04T12:09:24.671020,-1.439,0.058,0.004,6,1.440173948
2018-07-04T12:09:24.718649,-1.439,0.058,0.004,6,1.440173948
2018-07-04T12:09:24.764774,-1.48,-0.11,0.048,6,1.484858242
2018-07-04T12:09:24.812403,-1.302,-0.157,-0.461,6,1.390098558
2018-07-04T12:09:24.871563,-1.302,-0.157,-0.461,6,1.390098558
2018-07-04T12:09:24.920195,-1.071,-0.08,-0.282,6,1.110389571
2018-07-04T12:09:24.967824,-1.071,-0.08,-0.282,6,1.110389571
2018-07-04T12:09:25.015453,-0.57,-0.238,-0.186,6,0.645089141
2018-07-04T12:09:25.062581,-0.383,-0.327,-0.194,6,0.539679535
2018-07-04T12:09:25.109207,-0.383,-0.327,-0.194,6,0.539679535
2018-07-04T12:09:25.158841,-1.332,-0.249,0.438,6,1.424102875
2018-07-04T12:09:25.201457,-1.332,-0.249,0.438,6,1.424102875
2018-07-04T12:09:25.248585,-1.559,-0.093,0.609,6,1.676308742
2018-07-04T12:09:25.295713,-0.92,-0.243,-0.307,6,0.999848989
2018-07-04T12:09:25.342339,-0.92,-0.243,-0.307,6,0.999848989
2018-07-04T12:09:25.389467,-0.818,-0.13,-0.388,6,0.914640913
2018-07-04T12:09:25.439604,-0.818,-0.13,-0.388,6,0.914640913
2018-07-04T12:09:25.483724,-1.086,-0.104,-0.033,6,1.091467361
2018-07-04T12:09:25.529848,-0.951,-0.116,-0.12,6,0.965534567
2018-07-04T12:09:25.578479,-0.951,-0.116,-0.12,6,0.965534567
2018-07-04T12:09:25.623101,-0.946,-0.194,-0.17,6,0.980536588
2018-07-04T12:09:25.689279,-0.97,-0.359,-0.037,6,1.034963767
2018-07-04T12:09:25.764985,-1.133,-0.143,-0.034,6,1.142494639
2018-07-04T12:09:25.811611,-1.133,-0.143,-0.034,6,1.142494639
2018-07-04T12:09:25.894335,-1.436,-0.012,0.234,6,1.454990034
2018-07-04T12:09:25.936951,-1.465,-0.072,-0.227,6,1.484229767
2018-07-04T12:09:25.983577,-1.465,-0.072,-0.227,6,1.484229767
2018-07-04T12:09:26.030705,-1.316,0.057,-0.516,6,1.414694667
2018-07-04T12:09:26.082847,-0.824,-0.226,-0.206,6,0.878912965
2018-07-04T12:09:26.123456,-0.824,-0.226,-0.206,6,0.878912965
2018-07-04T12:09:26.170083,-0.446,-0.245,-0.151,6,0.530793745
2018-07-04T12:04:38.152032,-1.006,0.257,0.06,1,1.040040865
2018-07-04T12:04:38.195648,-1.006,0.257,0.06,1,1.040040865
2018-07-04T12:04:38.249292,-0.96,0.288,0.08,1,1.00545711
2018-07-04T12:04:38.296919,-0.96,0.288,0.08,1,1.00545711
2018-07-04T12:04:38.339031,-0.971,0.275,0.09,1,1.013195934
2018-07-04T12:04:38.389667,-0.971,0.307,0.085,1,1.021917316
2018-07-04T12:04:38.433284,-0.971,0.307,0.085,1,1.021917316
2018-07-04T12:04:38.477903,-0.97,0.295,0.079,1,1.016939526
2018-07-04T12:04:38.540069,-0.969,0.247,0.079,1,1.003100693
2018-07-04T12:04:38.587195,-0.969,0.247,0.079,1,1.003100693
2018-07-04T12:04:38.634822,-0.997,0.23,0.077,1,1.026078944
2018-07-04T12:04:38.680945,-0.997,0.23,0.077,1,1.026078944
2018-07-04T12:04:38.728071,-0.99,0.192,0.08,1,1.011614551
2018-07-04T12:04:38.772191,-0.99,0.192,0.08,1,1.011614551
2018-07-04T12:04:38.829345,-1.026,0.124,0.147,1,1.043868287
2018-07-04T12:04:38.883496,-1.19,0.007,0.034,1,1.190506195
2018-07-04T12:04:38.929620,-1.19,0.007,0.034,1,1.190506195
2018-07-04T12:04:38.978251,-0.814,0.352,-0.101,1,0.892581089
2018-07-04T12:04:39.024890,-0.526,0.708,0.071,1,0.884862136
2018-07-04T12:04:39.072015,-0.526,0.708,0.071,1,0.884862136
2018-07-04T12:04:39.126711,-0.676,0.549,0.286,1,0.916609513
2018-07-04T12:04:39.184365,-0.894,0.305,0.382,1,1.018913637
2018-07-04T12:04:39.227481,-0.894,0.305,0.382,1,1.018913637
2018-07-04T12:04:39.276612,-0.65,0.536,0.409,1,0.936523892
2018-07-04T12:04:39.326245,-0.394,0.394,0.375,1,0.671637551
2018-07-04T12:04:39.368357,-0.394,0.394,0.375,1,0.671637551
2018-07-04T12:04:39.474140,-0.289,-0.326,0.044,1,0.437873269
2018-07-04T12:04:39.523772,-0.491,-0.765,-0.218,1,0.934788746
2018-07-04T12:04:39.570482,-0.685,-1.572,-0.228,1,1.729853462
2018-07-04T12:04:39.618610,-0.685,-1.572,-0.228,1,1.729853462
2018-07-04T12:04:39.662728,-0.458,-2.331,-0.729,1,2.484907644
2018-07-04T12:04:39.711860,-0.458,-2.331,-0.729,1,2.484907644
2018-07-04T12:04:39.770516,0.309,-2.221,-0.342,1,2.268322288
2018-07-04T12:04:39.820149,0.06,-0.553,-0.117,1,0.5684171
2018-07-04T12:04:39.867825,0.06,-0.553,-0.117,1,0.5684171
2018-07-04T12:04:39.917067,0.17,0.08,-0.154,1,0.242932089
2018-07-04T12:04:39.977228,0.043,-0.339,0.007,1,0.341787946
2018-07-04T12:04:40.023852,0.043,-0.339,0.007,1,0.341787946
2018-07-04T12:04:40.083011,-0.126,-1.383,-0.349,1,1.431909913
2018-07-04T12:04:40.135651,-0.166,-1.159,-0.858,1,1.451551239
2018-07-04T12:04:40.180772,-0.166,-1.159,-0.858,1,1.451551239
2018-07-04T12:04:40.229903,-0.355,-0.936,-0.845,1,1.310017557
2018-07-04T12:04:40.274523,-0.193,-0.706,-0.64,1,0.972257682
2018-07-04T12:04:40.320646,-0.193,-0.706,-0.64,1,0.972257682
2018-07-04T12:04:40.371782,-0.285,-0.611,-0.245,1,0.717336044
2018-07-04T12:04:40.412892,-0.285,-0.611,-0.245,1,0.717336044
2018-07-04T12:04:40.477565,-0.419,-0.789,-0.399,1,0.978408401
2018-07-04T12:04:40.525694,-0.371,-0.901,-0.507,1,1.098403842
2018-07-04T12:04:40.570313,-0.371,-0.901,-0.507,1,1.098403842
2018-07-04T12:04:40.617940,-0.335,-0.875,-0.533,1,1.077932744
2018-07-04T12:04:40.670581,-0.292,-0.78,-0.345,1,0.901492651
2018-07-04T12:04:40.712693,-0.292,-0.78,-0.345,1,0.901492651
2018-07-04T12:11:29.166668,-0.533,-0.026,0.208,6,0.57273816
2018-07-04T12:11:29.229839,-1.512,0.011,0.705,6,1.668319514
2018-07-04T12:11:29.285991,-1.321,-0.429,0.337,6,1.42921342
2018-07-04T12:11:29.332116,-1.321,-0.429,0.337,6,1.42921342
2018-07-04T12:11:29.380246,-0.891,0.288,-0.332,6,0.993503397
2018-07-04T12:11:29.427876,-0.933,-0.063,-0.228,6,0.962518571
2018-07-04T12:11:29.476006,-0.933,-0.063,-0.228,6,0.962518571
2018-07-04T12:11:29.581792,-0.994,-0.052,-0.092,6,0.999601921
2018-07-04T12:11:29.635939,-0.994,-0.052,-0.092,6,0.999601921
2018-07-04T12:11:29.683067,-0.924,-0.147,-0.188,6,0.954321225
2018-07-04T12:11:29.728189,-0.924,-0.147,-0.188,6,0.954321225
2018-07-04T12:11:29.768799,-1.001,-0.293,-0.033,6,1.0435224
2018-07-04T12:11:29.818434,-1.109,-0.014,-0.152,6,1.119455671
2018-07-04T12:11:29.884613,-1.109,-0.014,-0.152,6,1.119455671
2018-07-04T12:11:29.927229,-1.322,0.117,-0.003,6,1.327170675
2018-07-04T12:11:30.012460,-1.381,-0.092,0.121,6,1.389340131
2018-07-04T12:11:30.070618,-1.301,-0.112,-0.396,6,1.364536918
2018-07-04T12:11:30.114235,-1.301,-0.112,-0.396,6,1.364536918
2018-07-04T12:11:30.161865,-1.141,0.035,-0.328,6,1.187724716
2018-07-04T12:11:30.217516,-0.747,-0.177,-0.223,6,0.799416662
2018-07-04T12:11:30.271161,-0.747,-0.177,-0.223,6,0.799416662
2018-07-04T12:11:30.318790,-0.596,-0.336,-0.204,6,0.713952379
2018-07-04T12:11:30.366921,-0.766,-0.382,0.213,6,0.882070859
2018-07-04T12:11:30.412043,-0.766,-0.382,0.213,6,0.882070859
2018-07-04T12:11:30.461678,-1.694,0.323,0.834,6,1.915599384
2018-07-04T12:11:30.511312,-1.694,0.323,0.834,6,1.915599384
2018-07-04T12:11:30.555933,-0.964,-0.187,-0.244,6,1.011830519
2018-07-04T12:11:30.598048,-0.902,-0.187,-0.032,6,0.921735862
2018-07-04T12:11:30.649186,-0.902,-0.187,-0.032,6,0.921735862
2018-07-04T12:11:30.692804,-1.029,0.16,-0.244,6,1.069568605
2018-07-04T12:11:30.739932,-1.029,0.16,-0.244,6,1.069568605
2018-07-04T12:11:30.815679,-1.015,-0.205,-0.132,6,1.043874514
2018-07-04T12:11:30.880354,-0.935,-0.229,-0.133,6,0.971779296
2018-07-04T12:11:30.927983,-0.936,-0.105,-0.101,6,0.947270817
2018-07-04T12:11:30.976114,-0.936,-0.105,-0.101,6,0.947270817
2018-07-04T12:11:31.037780,-1.042,-0.263,-0.058,6,1.076242073
2018-07-04T12:11:31.086412,-1.167,-0.083,-0.077,6,1.172478998
2018-07-04T12:11:31.143066,-1.167,-0.083,-0.077,6,1.172478998
2018-07-04T12:11:31.192700,-1.38,-0.033,0.276,6,1.407716236
2018-07-04T12:11:31.238825,-1.401,0.118,-0.086,6,1.4085883
2018-07-04T12:04:56.622591,-0.937,0.377,0.122,1,1.017340651
2018-07-04T12:04:56.669216,-0.937,0.377,0.122,1,1.017340651
2018-07-04T12:04:56.727872,-0.938,0.349,0.097,1,1.00551181
2018-07-04T12:04:56.778510,-0.958,0.333,0.089,1,1.018122782
2018-07-04T12:04:56.822627,-0.958,0.333,0.089,1,1.018122782
2018-07-04T12:04:56.868254,-0.97,0.32,0.091,1,1.025466235
2018-07-04T12:04:56.916383,-1.07,0.293,0.125,1,1.116411215
2018-07-04T12:04:56.961508,-1.07,0.293,0.125,1,1.116411215
2018-07-04T12:04:57.008634,-1.155,0.295,0.049,1,1.193084658
2018-07-04T12:04:57.070805,-0.717,0.144,0.132,1,0.743134577
2018-07-04T12:04:57.116927,-0.717,0.144,0.132,1,0.743134577
2018-07-04T12:04:57.199149,-0.768,0.366,0.223,1,0.879493604
2018-07-04T12:04:57.243267,-0.811,0.764,0.293,1,1.15207031
2018-07-04T12:04:57.289390,-0.811,0.764,0.293,1,1.15207031
2018-07-04T12:04:57.336517,-0.746,0.687,0.309,1,1.060172627
2018-07-04T12:04:57.386149,-0.736,0.176,0.17,1,0.775610727
2018-07-04T12:04:57.430266,-0.736,0.176,0.17,1,0.775610727
2018-07-04T12:04:57.492544,-0.885,0.167,0.355,1,0.968059399
2018-07-04T12:04:57.541173,-0.885,0.167,0.355,1,0.968059399
2018-07-04T12:04:57.591307,-0.649,0.692,0.363,1,1.015792302
2018-07-04T12:04:57.634423,-0.371,0.429,0.208,1,0.604107606
2018-07-04T12:04:57.692578,-0.371,0.429,0.208,1,0.604107606
2018-07-04T12:04:57.742798,-0.522,-0.296,-0.242,1,0.647042502
2018-07-04T12:04:57.791932,-0.479,-0.667,-0.366,1,0.899047274
2018-07-04T12:04:57.843069,-0.479,-0.667,-0.366,1,0.899047274
2018-07-04T12:04:57.887189,-0.867,-1.079,-0.339,1,1.425079296
2018-07-04T12:04:57.930805,-0.867,-1.079,-0.339,1,1.425079296
2018-07-04T12:04:58.002738,-0.604,-1.772,-1.215,1,2.231821005
2018-07-04T12:04:58.041843,0.245,-2.087,-0.836,1,2.261523823
2018-07-04T12:04:58.086078,0.245,-2.087,-0.836,1,2.261523823
2018-07-04T12:04:58.136211,-0.14,-1.121,-0.341,1,1.180051694
2018-07-04T12:04:58.180329,0.012,-0.427,-0.203,1,0.472950315
2018-07-04T12:04:58.226953,0.012,-0.427,-0.203,1,0.472950315
2018-07-04T12:04:58.283104,0.037,-0.33,-0.11,1,0.349812807
2018-07-04T12:04:58.323712,0.037,-0.33,-0.11,1,0.349812807
2018-07-04T12:04:58.368331,-0.085,-0.659,-0.003,1,0.664465951
2018-07-04T12:04:58.415962,-0.14,-1.175,-0.508,1,1.287745705
2018-07-04T12:04:58.461082,-0.14,-1.175,-0.508,1,1.287745705
2018-07-04T12:04:58.610100,-0.404,-0.862,-0.598,1,1.124217061
2018-07-04T12:04:58.657226,-0.272,-0.509,-0.152,1,0.596798961
2018-07-04T12:04:58.703354,-0.272,-0.509,-0.152,1,0.596798961
2018-07-04T12:12:34.164278,-1.122,0.126,0.411,6,1.201532771
2018-07-04T12:12:34.212411,-1.122,0.126,0.411,6,1.201532771
2018-07-04T12:12:34.259538,-1.118,-0.128,-0.051,6,1.12645861
2018-07-04T12:12:34.304162,-1.118,-0.128,-0.051,6,1.12645861
2018-07-04T12:12:34.352293,-0.79,-0.224,-0.299,6,0.873886148
2018-07-04T12:12:34.407442,-1.051,-0.003,-0.155,6,1.062372345
2018-07-04T12:12:34.466101,-1.051,-0.003,-0.155,6,1.062372345
2018-07-04T12:12:34.510221,-0.976,-0.114,-0.08,6,0.985886403
2018-07-04T12:12:34.555343,-0.976,-0.114,-0.08,6,0.985886403
2018-07-04T12:12:34.602972,-0.97,-0.125,-0.129,6,0.986491764
2018-07-04T12:12:34.652607,-0.966,-0.172,-0.103,6,0.986584512
2018-07-04T12:12:34.762906,-1.06,-0.117,-0.128,6,1.074091709
2018-07-04T12:12:34.807025,-1.296,-0.093,-0.038,6,1.299888072
2018-07-04T12:12:34.850644,-1.296,-0.093,-0.038,6,1.299888072
2018-07-04T12:12:34.899777,-1.411,-0.19,0.189,6,1.436224913
2018-07-04T12:12:34.944899,-1.411,-0.19,0.189,6,1.436224913
2018-07-04T12:12:34.991525,-1.223,-0.209,-0.314,6,1.279846084
2018-07-04T12:12:35.046675,-1.073,-0.009,-0.185,6,1.088868679
2018-07-04T12:12:35.086858,-1.073,-0.009,-0.185,6,1.088868679
2018-07-04T12:12:35.133484,-0.673,-0.272,-0.079,6,0.730173952
2018-07-04T12:12:35.181615,-0.673,-0.272,-0.079,6,0.730173952
2018-07-04T12:12:35.226738,-0.465,-0.248,-0.059,6,0.530292372
2018-07-04T12:12:35.273865,-0.897,-0.25,0.298,6,0.977708034
2018-07-04T12:12:35.341047,-0.897,-0.25,0.298,6,0.977708034
2018-07-04T12:12:35.382158,-1.737,0.245,0.852,6,1.950153327
2018-07-04T12:12:35.432294,-0.958,-0.14,-0.061,6,0.970095356
2018-07-04T12:12:35.516522,-0.827,-0.189,-0.252,6,0.884959886
2018-07-04T12:12:35.554124,-0.827,-0.189,-0.252,6,0.884959886
2018-07-04T12:12:35.601252,-1.031,0.032,-0.224,6,1.055538251
2018-07-04T12:12:35.652390,-1.031,0.032,-0.224,6,1.055538251
2018-07-04T12:12:35.695507,-0.959,-0.215,-0.11,6,0.988941859
2018-07-04T12:12:35.742636,-0.977,-0.005,-0.17,6,0.991692493
2018-07-04T12:12:35.791267,-0.977,-0.005,-0.17,6,0.991692493
2018-07-04T12:12:35.835387,-0.989,-0.113,-0.063,6,0.997426188
2018-07-04T12:12:35.883016,-0.989,-0.113,-0.063,6,0.997426188
2018-07-04T12:12:35.937163,-1.041,-0.07,-0.098,6,1.047943224
2018-07-04T12:12:35.977773,-1.057,-0.111,-0.167,6,1.075852685
2018-07-04T12:12:36.022895,-1.057,-0.111,-0.167,6,1.075852685
2018-07-04T12:12:36.087069,-1.435,-0.009,0.189,6,1.44742081
2018-07-04T12:12:36.134698,-1.384,-0.054,-0.13,6,1.391140539
2018-07-04T12:12:36.182327,-1.384,-0.054,-0.13,6,1.391140539
2018-07-04T12:12:36.230458,-1.283,-0.008,-0.303,6,1.318317868
2018-07-04T12:12:36.273574,-1.283,-0.008,-0.303,6,1.318317868
2018-07-04T12:12:36.319699,-0.865,-0.247,-0.038,6,0.900376588
2018-07-04T12:12:36.368832,-0.865,-0.247,-0.038,6,0.900376588
2018-07-04T12:12:36.440527,-0.529,-0.247,-0.016,6,0.584042807
2018-07-04T12:12:36.477126,-0.438,-0.273,0.062,6,0.519824009
2018-07-04T12:12:36.532777,-1.503,0.141,0.68,6,1.655684149
2018-07-04T12:12:36.575393,-1.503,0.141,0.68,6,1.655684149
2018-07-04T12:12:36.620013,-1.146,-0.359,0.338,6,1.247574046
2018-07-04T12:12:36.669650,-1.146,-0.359,0.338,6,1.247574046
2018-07-04T12:12:36.713769,-1.169,0.067,-0.045,6,1.17178283
2018-07-04T12:12:36.776943,-0.772,0.121,-0.269,6,0.82642967
2018-07-04T12:12:36.882228,-1.102,-0.066,-0.014,6,1.104063404
2018-07-04T12:12:36.930359,-0.963,-0.131,-0.147,6,0.9829237
2018-07-04T12:12:36.976985,-0.963,-0.131,-0.147,6,0.9829237
2018-07-04T12:12:37.024810,-0.973,-0.149,-0.184,6,1.001392031
2018-07-04T12:12:37.085474,-0.944,-0.171,-0.118,6,0.966592468
2018-07-04T12:12:37.133103,-0.944,-0.171,-0.118,6,0.966592468
2018-07-04T12:12:37.187751,-0.981,-0.208,-0.072,6,1.005389974
2018-07-04T12:12:37.255435,-1.113,0.017,-0.121,6,1.11968701
2018-07-04T12:12:37.306072,-1.113,0.017,-0.121,6,1.11968701
2018-07-04T12:12:37.353199,-1.384,0.012,0.107,6,1.388181905
2018-07-04T12:12:37.407848,-1.44,-0.164,0.103,6,1.452964212
2018-07-04T12:12:37.461995,-1.44,-0.164,0.103,6,1.452964212
2018-07-04T12:12:37.513133,-1.302,0.154,-0.49,6,1.399649956
2018-07-04T12:12:37.562268,-0.994,0.066,-0.282,6,1.035333763
2018-07-04T12:12:37.604882,-0.994,0.066,-0.282,6,1.035333763
2018-07-04T12:12:37.650004,-0.636,-0.259,-0.155,6,0.703990057
2018-07-04T12:12:37.708663,-0.636,-0.259,-0.155,6,0.703990057
2018-07-04T12:12:37.757296,-0.574,-0.356,-0.156,6,0.693215695
2018-07-04T12:12:37.805927,-1.191,-0.249,0.396,6,1.279569459
2018-07-04T12:12:37.853556,-1.191,-0.249,0.396,6,1.279569459
2018-07-04T12:12:37.898678,-1.464,0.104,0.748,6,1.647305679
2018-07-04T12:12:37.945806,-1.464,0.104,0.748,6,1.647305679
2018-07-04T12:12:38.000454,-0.997,-0.124,-0.264,6,1.038788236
2018-07-04T12:12:38.054100,-0.818,-0.045,-0.257,6,0.858602353
2018-07-04T12:12:38.101227,-0.818,-0.045,-0.257,6,0.858602353
2018-07-04T12:12:38.150361,-1.06,-0.032,-0.182,6,1.075986989
2018-07-04T12:12:38.243614,-0.963,-0.214,-0.103,6,0.99185382
2018-07-04T12:12:38.289738,-0.928,-0.142,-0.266,6,0.975758167
2018-07-04T12:12:38.347896,-0.998,-0.204,-0.062,6,1.020521435
2018-07-04T12:12:38.403547,-0.998,-0.204,-0.062,6,1.020521435
2018-07-04T12:12:38.449171,-1.07,-0.301,-0.074,6,1.113991472
2018-07-04T12:12:38.498805,-1.07,-0.301,-0.074,6,1.113991472
2018-07-04T12:12:38.544429,-1.095,-0.024,-0.147,6,1.105083707
2018-07-04T12:12:38.586543,-1.433,-0.077,0.186,6,1.447070834
2018-07-04T12:12:38.652221,-1.433,-0.077,0.186,6,1.447070834
2018-07-04T12:12:38.697343,-1.302,-0.051,-0.112,6,1.30780312
2018-07-04T12:12:38.743970,-1.248,0.088,-0.427,6,1.32195953
2018-07-04T12:12:38.792100,-1.248,0.088,-0.427,6,1.32195953
2018-07-04T12:12:38.836721,-0.96,-0.112,-0.184,6,0.98386991
2018-07-04T12:12:38.883848,-0.96,-0.112,-0.184,6,0.98386991
2018-07-04T12:12:38.943009,-0.636,-0.309,-0.084,6,0.712062497
2018-07-04T12:12:38.993646,-0.552,-0.37,-0.015,6,0.664702189
2018-07-04T12:12:39.040342,-0.552,-0.37,-0.015,6,0.664702189
2018-07-04T12:12:39.087470,-1.292,-0.036,0.62,6,1.433513167
2018-07-04T12:12:39.133093,-1.257,0.262,0.561,6,1.401218755
2018-07-04T12:12:39.182227,-1.257,0.262,0.561,6,1.401218755
2018-07-04T12:12:39.236374,-1.114,-0.27,-0.066,6,1.148151558
2018-07-04T12:12:39.295032,-0.78,-0.197,-0.317,6,0.864695322
2018-07-04T12:12:39.336645,-0.78,-0.197,-0.317,6,0.864695322
2018-07-04T12:12:39.383272,-1.054,0.006,-0.182,6,1.069614884
2018-07-04T12:12:39.443435,-1.054,0.006,-0.182,6,1.069614884
2018-07-04T12:12:39.493571,-0.972,-0.167,-0.061,6,0.98812651
2018-07-04T12:12:39.539696,-0.996,-0.031,-0.134,6,1.00545164
2018-07-04T12:12:39.671052,-0.995,-0.067,-0.097,6,1.00195958
2018-07-04T12:12:39.718681,-1.024,-0.15,-0.085,6,1.038412731
2018-07-04T12:12:39.763302,-1.05,-0.045,-0.21,6,1.071739241
2018-07-04T12:12:39.815944,-1.05,-0.045,-0.21,6,1.071739241
2018-07-04T12:12:39.867083,-1.427,-0.14,0.093,6,1.436863946
2018-07-04T12:12:39.915214,-1.427,-0.14,0.093,6,1.436863946
2018-07-04T12:12:39.963344,-1.342,-0.201,0.084,6,1.359566475
2018-07-04T12:12:40.023507,-1.247,-0.065,-0.376,6,1.304074384
2018-07-04T12:12:40.071136,-1.247,-0.065,-0.376,6,1.304074384
2018-07-04T12:12:40.117762,-0.939,-0.148,-0.085,6,0.954384618
2018-07-04T12:12:40.166532,-0.57,-0.174,-0.047,6,0.597816862
2018-07-04T12:12:40.211152,-0.57,-0.174,-0.047,6,0.597816862
2018-07-04T12:12:40.258280,-0.455,-0.257,-0.07,6,0.527232397
2018-07-04T12:12:40.316939,-1.313,-0.106,0.615,6,1.45376408
2018-07-04T12:12:40.369582,-1.313,-0.106,0.615,6,1.45376408
2018-07-04T12:12:40.417334,-1.378,0.131,0.682,6,1.543103691
2018-07-04T12:12:40.465507,-1.378,0.131,0.682,6,1.543103691
2018-07-04T12:12:40.510628,-1.068,0.001,-0.104,6,1.073052189
2018-07-04T12:12:40.561266,-0.785,-0.239,-0.356,6,0.894473029
2018-07-04T12:12:40.623936,-0.785,-0.239,-0.356,6,0.894473029
2018-07-04T12:12:40.669560,-1.049,-0.086,-0.117,6,1.059002361
2018-07-04T12:12:40.711173,-0.981,-0.021,-0.06,6,0.983057475
2018-07-04T12:12:40.759303,-0.981,-0.021,-0.06,6,0.983057475
2018-07-04T12:12:40.829493,-0.996,-0.032,-0.13,6,1.004957711
2018-07-04T12:12:40.869101,-0.932,-0.228,-0.101,6,0.964784432
2018-07-04T12:12:40.915225,-0.932,-0.228,-0.101,6,0.964784432
2018-07-04T12:12:41.056378,-1.229,-0.008,-0.021,6,1.229205434
2018-07-11T13:39:30.071773,0.467,-0.841,0.341,6,1.020613051
2018-07-11T13:39:30.195106,0.432,-0.864,0.37,6,1.034417711
2018-07-11T13:39:30.258277,0.432,-0.864,0.37,6,1.034417711
2018-07-11T13:39:30.323451,0.416,-0.852,0.367,6,1.0166853
2018-07-11T13:39:30.370075,0.415,-0.91,0.369,6,1.066060974
2018-07-11T13:39:30.418707,0.415,-0.91,0.369,6,1.066060974
2018-07-11T13:39:30.470847,0.509,-0.871,0.324,6,1.059574443
2018-07-11T13:39:30.529006,0.658,-0.796,0.316,6,1.080016667
2018-07-11T13:39:30.584658,0.658,-0.796,0.316,6,1.080016667
2018-07-11T13:39:30.634293,0.629,-0.814,0.496,6,1.142038966
2018-07-11T13:39:30.681419,0.336,-0.603,0.356,6,0.776685908
2018-07-11T13:39:30.724540,0.336,-0.603,0.356,6,0.776685908
2018-07-11T13:39:30.791721,0.477,-0.661,0.298,1,0.867902068
2018-07-11T13:39:30.838849,0.746,-0.859,0.542,1,1.260222599
2018-07-11T13:39:30.880961,0.746,-0.859,0.542,1,1.260222599
2018-07-11T13:39:30.935110,0.544,-0.69,0.231,1,0.908513621
2018-07-11T13:39:30.991764,0.449,-0.883,0.426,1,1.07831628
2018-07-11T13:39:31.037388,0.449,-0.883,0.426,1,1.07831628
2018-07-11T13:39:31.099055,0.591,-0.762,0.223,1,0.989774722
2018-07-11T13:39:31.166739,0.573,-0.772,0.236,1,0.989954039
2018-07-11T13:39:31.223896,0.532,-0.79,0.213,1,0.975957479
2018-07-11T13:39:31.271022,0.532,-0.79,0.213,1,0.975957479
2018-07-11T13:39:31.319654,0.578,-0.766,0.111,1,0.966002588
2018-07-11T13:39:31.367281,0.578,-0.766,0.111,1,0.966002588
2018-07-11T13:39:31.424935,0.61,-0.807,0.103,1,1.016837253
2018-07-11T13:39:31.511165,0.619,-0.757,0.12,1,0.985195412
2018-07-11T13:39:31.569822,0.495,-0.729,0.03,1,0.881683617
2018-07-11T13:39:31.619455,0.466,-0.778,0.049,1,0.908207575
2018-07-11T13:39:31.669087,0.466,-0.778,0.049,1,0.908207575
2018-07-11T13:39:31.713706,0.608,-0.648,-0.083,1,0.892444396
2018-07-11T13:39:31.774372,0.367,-0.753,0.115,1,0.845531194
2018-07-11T13:39:31.830017,0.367,-0.753,0.115,1,0.845531194
2018-07-11T13:39:31.880153,0.165,-0.32,0.136,1,0.384864911
2018-07-11T13:39:31.928280,0.165,-0.32,0.136,1,0.384864911
2018-07-11T13:39:31.996963,-0.025,-0.063,0.222,1,0.23211635
2018-07-11T13:39:32.069657,0.016,0.015,-0.389,1,0.389617761
2018-07-11T13:39:32.142352,0.945,0.363,-2.446,1,2.647207963
2018-07-11T13:39:32.209320,1.284,0.12,-3.556,1,3.782617083
2018-07-11T13:39:32.257449,-0.071,0.019,-1.272,1,1.274121658
2018-07-11T13:39:32.302574,-0.071,0.019,-1.272,1,1.274121658
2018-07-11T13:39:32.382324,0.182,-0.057,0.274,1,0.333839782
2018-07-11T13:39:32.433461,-0.177,0.073,-0.635,1,0.66323676
2018-07-11T13:39:32.507163,0.309,0.402,-0.499,1,0.711397217
2018-07-11T13:39:32.585876,0.468,0.151,-0.947,1,1.067067945
2018-07-11T13:39:32.650551,0.391,-0.118,-1.911,1,1.954156084
2018-07-11T13:39:32.695672,0.391,-0.118,-1.911,1,1.954156084
2018-07-11T13:39:32.753832,0.2,-0.166,-0.733,1,0.777717815
2018-07-11T13:39:32.801960,0.378,0.089,-0.349,1,0.522116845
2018-07-11T13:39:32.927306,0.422,-0.042,-0.933,1,1.024859503
2018-07-11T13:39:32.983456,0.436,-0.072,-0.979,1,1.074114054
2018-07-11T13:39:33.038608,0.379,-0.099,-0.919,1,0.999001001
2018-07-11T13:39:33.099772,0.379,-0.099,-0.919,1,0.999001001
2018-07-11T13:39:33.146904,0.393,-0.044,-0.784,1,0.878089403
2018-07-11T13:39:33.193026,0.361,-0.012,-0.755,1,0.836952806
2018-07-11T13:39:33.251185,0.361,-0.012,-0.755,1,0.836952806
2018-07-11T13:45:33.605884,0.474,-0.711,0.16,6,0.869365861
2018-07-11T13:45:33.653012,0.474,-0.711,0.16,6,0.869365861
2018-07-11T13:45:33.716185,0.532,-0.811,0.18,6,0.98648112
2018-07-11T13:45:33.763311,0.663,-0.952,0.267,6,1.190446135
2018-07-11T13:45:33.817461,0.663,-0.952,0.267,6,1.190446135
2018-07-11T13:45:33.870602,0.668,-0.951,0.234,6,1.185487663
2018-07-11T13:45:33.922243,0.563,-0.985,0.096,6,1.138600018
2018-07-11T13:45:33.965358,0.563,-0.985,0.096,6,1.138600018
2018-07-11T13:45:34.032036,1.132,-0.83,0.299,6,1.435174205
2018-07-11T13:45:34.099717,0.629,-1.04,0.15,6,1.224639131
2018-07-11T13:45:34.171910,0.481,-0.352,0.125,6,0.609007389
2018-07-11T13:45:34.217531,0.481,-0.352,0.125,6,0.609007389
2018-07-11T13:45:34.263655,0.473,-0.285,0.288,6,0.622814579
2018-07-11T13:45:34.311282,0.592,-0.347,0.474,6,0.833995803
2018-07-11T13:45:34.370440,0.592,-0.347,0.474,6,0.833995803
2018-07-11T13:45:34.475220,0.773,-0.623,0.858,6,1.312182152
2018-07-11T13:45:34.531370,0.773,-0.623,0.858,6,1.312182152
2018-07-11T13:45:34.588523,0.608,-0.599,-0.024,6,0.853838978
2018-07-11T13:45:34.639659,0.651,-0.935,0.079,6,1.142045095
2018-07-11T13:45:34.699318,0.789,-0.739,0.39,6,1.149235398
2018-07-11T13:45:34.773015,0.789,-0.739,0.39,6,1.149235398
2018-07-11T13:45:34.835181,0.564,-0.502,0.15,6,0.76980517
2018-07-11T13:45:34.885316,0.561,-0.758,0.313,6,0.993606562
2018-07-11T13:45:34.933444,0.561,-0.758,0.313,6,0.993606562
2018-07-11T13:45:34.981084,0.616,-0.851,0.182,6,1.066199325
2018-07-11T13:45:35.026208,0.6,-0.826,0.252,6,1.051560745
2018-07-11T13:45:35.085365,0.6,-0.826,0.252,6,1.051560745
2018-07-11T13:45:35.148538,0.507,-1.201,0.193,6,1.317838761
2018-07-11T13:45:35.213715,0.722,-0.938,0.091,6,1.187185327
2018-07-11T13:45:35.278889,1.132,-0.654,0.179,6,1.319538177
2018-07-11T13:45:35.340058,0.625,-0.947,0.035,6,1.135191173
2018-07-11T13:45:35.387183,0.625,-0.947,0.035,6,1.135191173
2018-07-11T13:45:35.437322,0.573,-0.628,0.099,6,0.855870317
2018-07-11T13:45:35.512524,0.616,-0.182,0.25,6,0.689260473
2018-07-11T13:45:35.561155,0.616,-0.182,0.25,6,0.689260473
2018-07-11T13:45:35.621817,0.541,-0.228,0.471,6,0.752665929
2018-07-11T13:45:35.681476,1.107,-0.974,0.9,6,1.727462011
2018-07-11T13:45:35.732112,0.757,-0.368,0.612,6,1.040681027
2018-07-11T13:45:35.775728,0.757,-0.368,0.612,6,1.040681027
2018-07-11T13:45:35.889177,0.552,-0.897,0.019,6,1.053410651
2018-07-11T13:45:35.934298,0.552,-0.897,0.019,6,1.053410651
2018-07-11T13:45:35.980427,0.864,-0.727,0.364,6,1.186389902
2018-07-11T13:45:36.043599,0.542,-0.545,0.101,6,0.775235448
2018-07-11T13:45:36.121811,0.532,-0.739,0.293,6,0.956553187
2018-07-11T13:45:36.167434,0.532,-0.739,0.293,6,0.956553187
2018-07-11T13:45:36.225088,0.615,-0.817,0.198,6,1.041593971
2018-07-11T13:45:36.275724,0.615,-0.817,0.198,6,1.041593971
2018-07-11T13:45:36.339895,0.67,-0.874,0.287,6,1.138044375
2018-07-11T13:45:36.396546,0.55,-1.213,0.169,6,1.342546089
2018-07-11T13:45:36.448184,0.727,-0.871,0.01,6,1.134579217
2018-07-11T13:45:36.499823,0.727,-0.871,0.01,6,1.134579217
2018-07-11T13:45:36.542436,1.04,-0.669,0.208,6,1.253963716
2018-07-11T13:45:36.610120,0.579,-0.999,0.051,6,1.155786745
2018-07-11T13:45:36.671285,0.538,-0.505,0.232,6,0.773494021
2018-07-11T13:45:36.736961,0.538,-0.505,0.232,6,0.773494021
2018-07-11T13:45:36.799628,0.577,-0.303,0.233,6,0.692117765
2018-07-11T13:45:36.853271,0.713,-0.312,0.456,6,0.902024944
2018-07-11T13:45:36.901901,0.713,-0.312,0.456,6,0.902024944
2018-07-11T13:45:36.947523,0.842,-0.948,0.996,6,1.612353559
2018-07-11T13:45:36.995652,0.477,-0.711,0.79,6,1.164967811
2018-07-11T13:45:37.066340,0.751,-0.459,-0.001,6,0.880160781
2018-07-11T13:45:37.121989,0.751,-0.459,-0.001,6,0.880160781
2018-07-11T13:45:37.198697,0.569,-0.987,-0.002,6,1.139269064
2018-07-11T13:45:37.250841,0.673,-0.88,0.282,6,1.143176714
2018-07-11T13:45:37.311001,0.611,-0.515,0.146,6,0.812318903
2018-07-11T13:45:37.371165,0.611,-0.515,0.146,6,0.812318903
2018-07-11T13:45:37.420797,0.552,-0.728,0.194,6,0.933982869
2018-07-11T13:45:37.465417,0.594,-0.831,0.211,6,1.043033077
2018-07-11T13:45:37.512041,0.594,-0.831,0.211,6,1.043033077
2018-07-11T13:45:37.574711,0.707,-0.839,0.212,6,1.117458724
2018-07-11T13:45:37.619833,0.535,-1.231,0.232,6,1.362134355
2018-07-11T13:45:37.687015,0.535,-1.231,0.232,6,1.362134355
2018-07-11T13:45:37.756204,0.726,-0.881,0.037,6,1.142193504
2018-07-11T13:45:37.838425,1.17,-0.688,0.259,6,1.381783268
2018-07-11T13:45:37.885554,0.668,-0.823,0.058,6,1.06156347
2018-07-11T13:45:37.934185,0.478,-0.354,0.25,6,0.645213143
2018-07-11T13:45:37.979809,0.478,-0.354,0.25,6,0.645213143
2018-07-11T13:45:38.038970,0.48,-0.178,0.243,6,0.56668598
2018-07-11T13:45:38.095123,0.54,-0.333,0.557,6,0.844238118
2018-07-11T13:45:38.156291,0.54,-0.333,0.557,6,0.844238118
2018-07-11T13:45:38.202414,1.204,-1.08,1.177,6,2.000336222
2018-07-11T13:45:38.246533,1.204,-1.08,1.177,6,2.000336222
2018-07-11T13:45:38.295667,0.726,-0.328,0.317,6,0.857408304
2018-07-11T13:45:38.357837,0.674,-0.669,0.161,6,0.963201952
2018-07-11T13:45:38.414990,0.583,-1.009,0.039,6,1.165972127
2018-07-11T13:45:38.468135,0.583,-1.009,0.039,6,1.165972127
2018-07-11T13:45:38.561885,0.756,-0.62,0.34,6,1.035150231
2018-07-11T13:45:38.608008,0.53,-0.651,0.072,6,0.842546735
2018-07-11T13:45:38.651625,0.57,-0.71,0.304,6,0.959904162
2018-07-11T13:45:38.717804,0.57,-0.71,0.304,6,0.959904162
2018-07-11T13:45:38.779975,0.5,-0.873,0.192,6,1.024203593
2018-07-11T13:45:38.838131,0.714,-0.9,0.217,6,1.169138572
2018-07-11T13:45:38.885261,0.6,-1.166,0.245,6,1.33400937
2018-07-11T13:45:38.937400,0.6,-1.166,0.245,6,1.33400937
2018-07-11T13:45:38.979518,0.804,-0.801,-0.044,6,1.135760978
2018-07-11T13:45:39.045696,1.082,-0.826,0.266,6,1.386995314
2018-07-11T13:45:39.101851,1.082,-0.826,0.266,6,1.386995314
2018-07-11T13:45:39.150982,0.573,-0.817,0.066,6,1.000086996
2018-07-11T13:45:39.197110,0.551,-0.239,0.275,6,0.660565667
2018-07-11T13:45:39.246242,0.551,-0.239,0.275,6,0.660565667
2018-07-11T13:45:39.291366,0.41,-0.255,0.229,6,0.534383757
2018-07-11T13:45:39.355538,0.622,-0.532,0.622,6,1.028003891
2018-07-11T13:45:39.408686,0.622,-0.532,0.622,6,1.028003891
2018-07-11T13:39:56.186246,0.446,-0.87,0.196,1,0.997111829
2018-07-11T13:39:56.225353,0.51,-0.833,0.227,1,1.002755204
2018-07-11T13:39:56.280500,0.51,-0.833,0.227,1,1.002755204
2018-07-11T13:39:56.334143,0.517,-0.856,0.2,1,1.01981616
2018-07-11T13:39:56.403832,0.42,-0.915,0.151,1,1.018050097
2018-07-11T13:39:56.449457,0.42,-0.915,0.151,1,1.018050097
2018-07-11T13:39:56.506110,0.46,-0.84,0.187,1,0.975791474
2018-07-11T13:39:56.556748,0.519,-0.849,0.452,1,1.092916282
2018-07-11T13:39:56.616411,0.485,-0.941,0.109,1,1.064230708
2018-07-11T13:39:56.667548,0.485,-0.941,0.109,1,1.064230708
2018-07-11T13:39:56.726205,0.509,-0.72,0.359,1,0.952030462
2018-07-11T13:39:56.771325,0.683,-0.738,0.349,1,1.064393724
2018-07-11T13:39:56.819955,0.683,-0.738,0.349,1,1.064393724
2018-07-11T13:39:56.866580,0.514,-0.727,0.293,1,0.937322783
2018-07-11T13:39:56.925237,0.514,-0.727,0.293,1,0.937322783
2018-07-11T13:39:56.988907,0.515,-0.757,0.299,1,0.963158865
2018-07-11T13:39:57.085665,0.639,-0.8,0.249,1,1.053718179
2018-07-11T13:39:57.134295,0.554,-0.802,0.262,1,1.009338397
2018-07-11T13:39:57.180418,0.478,-0.792,0.272,1,0.964226115
2018-07-11T13:39:57.233560,0.478,-0.792,0.272,1,0.964226115
2018-07-11T13:39:57.301744,0.523,-0.797,0.23,1,0.980631429
2018-07-11T13:39:57.407030,0.497,-0.731,0.06,1,0.885985327
2018-07-11T13:39:57.459169,0.497,-0.731,0.06,1,0.885985327
2018-07-11T13:39:57.515324,0.492,-0.709,-0.202,1,0.886312022
2018-07-11T13:39:57.569469,0.545,-0.694,-0.063,1,0.884663778
2018-07-11T13:39:57.615597,0.545,-0.694,-0.063,1,0.884663778
2018-07-11T13:39:57.682779,0.504,-0.736,-0.177,1,0.909417946
2018-07-11T13:39:57.739430,0.614,-0.709,-0.04,1,0.938763549
2018-07-11T13:39:57.796082,0.391,-0.423,0.205,1,0.611420477
2018-07-11T13:39:57.852231,0.391,-0.423,0.205,1,0.611420477
2018-07-11T13:39:57.897855,-0.338,-0.256,0.379,1,0.568701152
2018-07-11T13:39:57.947486,-0.338,-0.256,0.379,1,0.568701152
2018-07-11T13:39:58.006143,0.297,0.049,-0.614,1,0.683817227
2018-07-11T13:39:58.058282,0.66,0.457,-2.527,1,2.651448283
2018-07-11T13:39:58.103904,0.66,0.457,-2.527,1,2.651448283
2018-07-11T13:39:58.151030,0.761,0.073,-3.604,1,3.684191363
2018-07-11T13:39:58.213199,-0.187,-0.067,-1.009,1,1.028367152
2018-07-11T13:39:58.258320,-0.187,-0.067,-1.009,1,1.028367152
2018-07-11T13:39:58.366114,-0.089,0.043,-0.697,1,0.703973721
2018-07-11T13:39:58.412237,-0.089,0.043,-0.697,1,0.703973721
2018-07-11T13:39:58.460366,0.449,0.326,-0.505,1,0.750267952
2018-07-11T13:39:58.505988,0.449,0.326,-0.505,1,0.750267952
2018-07-11T13:39:58.578183,0.304,-0.053,-1.225,1,1.263269567
2018-07-11T13:39:58.644365,0.181,-0.416,-1.806,1,1.862109825
2018-07-11T13:39:58.693496,0.183,-0.14,-0.691,1,0.728402361
2018-07-11T13:39:58.770706,0.253,0.054,-0.373,1,0.453931713
2018-07-11T13:39:58.824853,0.217,-0.06,-0.607,1,0.647408681
2018-07-11T13:39:58.866968,0.217,-0.06,-0.607,1,0.647408681
2018-07-11T13:39:58.935158,0.35,-0.25,-1.385,1,1.450249978
2018-07-11T13:39:59.007351,0.169,-0.193,-1.162,1,1.189980672
2018-07-11T13:39:59.053478,0.169,-0.193,-1.162,1,1.189980672
2018-07-11T13:39:59.099601,0.174,-0.08,-0.647,1,0.674748101
2018-07-11T13:39:59.149737,0.239,-0.076,-0.792,1,0.830759291
2018-07-11T13:39:59.201375,0.239,-0.076,-0.792,1,0.830759291
2018-07-11T13:39:59.305654,0.231,-0.125,-0.914,1,0.95099001
2018-07-11T13:46:37.089571,0.823,-0.369,0.083,6,0.905747757
2018-07-11T13:46:37.135694,0.823,-0.369,0.083,6,0.905747757
2018-07-11T13:46:37.246570,0.86,-0.536,0.362,6,1.076076205
2018-07-11T13:46:37.295705,0.86,-0.536,0.362,6,1.076076205
2018-07-11T13:46:37.338821,0.61,-0.612,0.087,6,0.868454374
2018-07-11T13:46:37.400992,0.613,-0.751,0.278,6,1.008490952
2018-07-11T13:46:37.447115,0.613,-0.751,0.278,6,1.008490952
2018-07-11T13:46:37.501264,0.639,-0.767,0.176,6,1.013699166
2018-07-11T13:46:37.543376,0.639,-0.767,0.176,6,1.013699166
2018-07-11T13:46:37.592514,0.693,-0.753,0.241,6,1.051351036
2018-07-11T13:46:37.653677,0.608,-0.883,0.106,6,1.077306363
2018-07-11T13:46:37.718855,0.591,-1.02,0.237,6,1.202435029
2018-07-11T13:46:37.815112,0.743,-0.839,-0.029,6,1.121075823
2018-07-11T13:46:37.861235,0.743,-0.839,-0.029,6,1.121075823
2018-07-11T13:46:37.920393,1.042,-0.64,0.361,6,1.275023529
2018-07-11T13:46:37.969023,0.553,-0.987,0.054,6,1.132649107
2018-07-11T13:46:38.020661,0.553,-0.987,0.054,6,1.132649107
2018-07-11T13:46:38.087843,0.536,-0.605,0.204,6,0.833628814
2018-07-11T13:46:38.135972,0.598,-0.484,0.22,6,0.800162483
2018-07-11T13:46:38.184104,0.761,-0.41,0.384,6,0.94587367
2018-07-11T13:46:38.237750,0.761,-0.41,0.384,6,0.94587367
2018-07-11T13:46:38.296410,0.763,-0.649,0.727,6,1.237699075
2018-07-11T13:46:38.355572,0.41,-0.766,0.852,6,1.216864824
2018-07-11T13:46:38.399690,0.41,-0.766,0.852,6,1.216864824
2018-07-11T13:46:38.467878,0.788,-0.75,0.516,6,1.204034883
2018-07-11T13:46:38.574166,0.808,-0.16,0.123,6,0.83282231
2018-07-11T13:46:38.624300,0.52,-1.33,-0.029,6,1.428335045
2018-07-11T13:46:38.683961,0.841,-0.577,0.347,6,1.077320287
2018-07-11T13:46:38.729583,0.841,-0.577,0.347,6,1.077320287
2018-07-11T13:46:38.796261,0.599,-0.609,0.031,6,0.854776579
2018-07-11T13:46:38.839878,0.69,-0.634,0.225,6,0.963680964
2018-07-11T13:46:38.891516,0.69,-0.634,0.225,6,0.963680964
2018-07-11T13:46:38.951677,0.67,-0.693,0.232,6,0.991449948
2018-07-11T13:46:38.997800,0.516,-0.982,0.305,6,1.150480334
2018-07-11T13:46:39.046430,0.516,-0.982,0.305,6,1.150480334
2018-07-11T13:46:39.098068,0.721,-1.088,0.068,6,1.306984698
2018-07-11T13:46:39.135668,0.937,-0.677,0.037,6,1.156575549
2018-07-11T13:46:39.209869,0.937,-0.677,0.037,6,1.156575549
2018-07-11T13:46:39.269032,1.143,-0.639,0.169,6,1.320352604
2018-07-11T13:46:39.324180,0.697,-0.796,0.107,6,1.063425597
2018-07-11T13:46:39.370306,0.517,-0.484,0.244,6,0.749053403
2018-07-11T13:46:39.434479,0.517,-0.484,0.244,6,0.749053403
2018-07-11T13:46:39.481609,0.516,-0.186,0.272,6,0.612238516
2018-07-11T13:46:39.542775,0.568,-0.424,0.464,6,0.847169405
2018-07-11T13:46:39.601934,0.568,-0.424,0.464,6,0.847169405
2018-07-11T13:46:39.652067,0.841,-0.85,1.032,6,1.579495173
2018-07-11T13:46:39.706212,0.622,-0.522,0.568,6,0.990955095
2018-07-11T13:46:39.762863,0.938,-0.656,0.485,6,1.243143194
2018-07-11T13:46:39.807984,0.938,-0.656,0.485,6,1.243143194
2018-07-11T13:46:39.875665,0.8,-0.401,0.005,6,0.89488882
2018-07-11T13:46:39.984957,0.445,-1.215,0.047,6,1.294781449
2018-07-11T13:46:40.045118,0.729,-0.478,0.282,6,0.916214495
2018-07-11T13:46:40.088734,0.499,-0.846,0.07,6,0.984691322
2018-07-11T13:46:40.137865,0.499,-0.846,0.07,6,0.984691322
2018-07-11T13:46:40.183989,0.563,-0.789,0.263,6,1.004320168
2018-07-11T13:46:40.249664,0.592,-0.748,0.312,6,1.003649341
2018-07-11T13:46:40.301803,0.592,-0.748,0.312,6,1.003649341
2018-07-11T13:46:40.360460,0.594,-0.939,0.169,6,1.123885225
2018-07-11T13:46:40.418114,0.845,-0.982,0.242,6,1.317919952
2018-07-11T13:46:40.467246,0.845,-0.982,0.242,6,1.317919952
2018-07-11T13:46:40.512867,0.736,-0.79,0.012,6,1.079787016
2018-07-11T13:46:40.568014,0.941,-0.599,0.298,6,1.154593435
2018-07-11T13:46:40.643215,0.572,-0.839,0.125,6,1.023098236
2018-07-11T13:46:40.699365,0.572,-0.839,0.125,6,1.023098236
2018-07-11T13:46:40.745990,0.626,-0.432,0.339,6,0.83271904
2018-07-11T13:46:40.793617,0.526,-0.359,0.248,6,0.683418613
2018-07-11T13:46:40.841746,0.526,-0.359,0.248,6,0.683418613
2018-07-11T13:46:40.910931,0.667,-0.525,0.554,6,1.013622218
2018-07-11T13:46:40.982121,0.724,-0.807,0.834,6,1.367838075
2018-07-11T13:46:41.046794,0.591,-0.632,0.767,6,1.156284567
2018-07-11T13:46:41.096426,0.591,-0.632,0.767,6,1.156284567
2018-07-11T13:46:41.156085,0.823,-0.615,0.271,6,1.062541764
2018-07-11T13:46:41.203713,0.657,-0.59,0.044,6,0.884129515
2018-07-11T13:46:41.295458,0.617,-1.029,0.012,6,1.199864159
2018-07-11T13:46:41.350104,0.721,-0.604,0.302,6,0.987856771
2018-07-11T13:46:41.448868,0.562,-0.675,0.152,6,0.891388243
2018-07-11T13:46:41.496495,0.632,-0.813,0.266,6,1.063554888
2018-07-11T13:46:41.543633,0.632,-0.813,0.266,6,1.063554888
2018-07-11T13:46:41.591260,0.654,-0.701,0.237,6,0.987565694
2018-07-11T13:46:41.652925,0.654,-0.701,0.237,6,0.987565694
2018-07-11T13:46:41.710078,0.649,-0.771,0.168,6,1.021697607
2018-07-11T13:46:41.763220,0.625,-0.992,0.184,6,1.186821385
2018-07-11T13:46:41.816362,0.628,-1.056,0.132,6,1.235695755
2018-07-11T13:46:41.872512,0.628,-1.056,0.132,6,1.235695755
2018-07-11T13:46:41.922144,1.024,-0.505,0.098,6,1.14595157
2018-07-11T13:46:41.999852,0.818,-1.001,0.111,6,1.297476782
2018-07-11T13:46:42.066029,0.599,-0.728,0.139,6,0.952945959
2018-07-11T13:46:42.152259,0.563,-0.34,0.22,6,0.693519286
2018-07-11T13:46:42.198884,0.563,-0.34,0.22,6,0.693519286
2018-07-11T13:46:42.247015,0.599,-0.326,0.33,6,0.757612698
2018-07-11T13:46:42.314698,0.802,-0.629,0.662,6,1.215355504
2018-07-11T13:40:14.713688,0.509,-0.835,0.198,1,0.997752474
2018-07-11T13:40:14.758307,0.5,-0.847,0.2,1,1.003697664
2018-07-11T13:40:14.808444,0.5,-0.847,0.2,1,1.003697664
2018-07-11T13:40:14.851559,0.516,-0.846,0.187,1,1.008434926
2018-07-11T13:40:14.908717,0.516,-0.846,0.187,1,1.008434926
2018-07-11T13:40:14.966872,0.538,-0.838,0.16,1,1.00860696
2018-07-11T13:40:15.023029,0.536,-0.821,0.136,1,0.989865142
2018-07-11T13:40:15.129316,0.515,-0.821,0.125,1,0.977185243
2018-07-11T13:40:15.185470,0.541,-0.835,0.229,1,1.020953966
2018-07-11T13:40:15.232596,0.534,-0.813,0.21,1,0.995100497
2018-07-11T13:40:15.301786,0.534,-0.813,0.21,1,0.995100497
2018-07-11T13:40:15.358939,0.562,-0.817,0.168,1,1.0057619
2018-07-11T13:40:15.421608,0.514,-0.773,0.065,1,0.930564345
2018-07-11T13:40:15.511351,0.535,-0.729,0.031,1,0.904780084
2018-07-11T13:40:15.593575,0.493,-0.685,-0.025,1,0.844333465
2018-07-11T13:40:15.642208,0.524,-0.689,-0.067,1,0.8682085
2018-07-11T13:40:15.694848,0.524,-0.689,-0.067,1,0.8682085
2018-07-11T13:40:15.746990,0.587,-0.668,-0.115,1,0.896670508
2018-07-11T13:40:15.789103,0.313,-0.539,0.192,1,0.65219169
2018-07-11T13:40:15.833226,0.313,-0.539,0.192,1,0.65219169
2018-07-11T13:40:15.956560,0.319,-0.057,-0.068,1,0.331110254
2018-07-11T13:40:16.024744,0.718,0.458,-1.946,1,2.124194906
2018-07-11T13:40:16.077886,0.718,0.458,-1.946,1,2.124194906
2018-07-11T13:40:16.116489,1.235,0.065,-3.069,1,3.308808094
2018-07-11T13:40:16.163615,1.235,0.065,-3.069,1,3.308808094
2018-07-11T13:40:16.210741,0.327,0.511,-2.192,1,2.274404098
2018-07-11T13:40:16.273910,0.001,-0.378,-0.054,1,0.381838971
2018-07-11T13:40:16.323543,0.001,-0.378,-0.054,1,0.381838971
2018-07-11T13:40:16.384207,0.25,0.14,-0.381,1,0.476718995
2018-07-11T13:40:16.494506,0.22,-0.027,-0.88,1,0.907484986
2018-07-11T13:40:16.548653,0.22,-0.027,-0.88,1,0.907484986
2018-07-11T13:40:16.601294,0.411,-0.212,-1.502,1,1.571581687
2018-07-11T13:40:16.647417,0.303,-0.35,-1.126,1,1.217450204
2018-07-11T13:40:16.694042,0.303,-0.35,-1.126,1,1.217450204
2018-07-11T13:40:16.760719,0.304,-0.044,-0.472,1,0.563148293
2018-07-11T13:40:16.820379,0.259,-0.104,-0.562,1,0.627487848
2018-07-11T13:40:16.882044,0.409,-0.241,-0.961,1,1.071859599
2018-07-11T13:40:16.931677,0.409,-0.241,-0.961,1,1.071859599
2018-07-11T13:40:16.977298,0.432,-0.319,-1.133,1,1.253823752
2018-07-11T13:40:17.037961,0.432,-0.319,-1.133,1,1.253823752
2018-07-11T13:40:17.084085,0.278,-0.181,-0.753,1,0.822832911
2018-07-11T13:40:17.149262,0.289,-0.141,-0.69,1,0.761250287
2018-07-11T13:40:17.193384,0.289,-0.141,-0.69,1,0.761250287
2018-07-11T13:40:17.244524,0.348,-0.187,-0.853,1,0.940043616
2018-07-11T13:40:17.307599,0.345,-0.247,-0.958,1,1.04775856
2018-07-11T13:47:40.638427,1.056,-0.597,0.16,6,1.223578767
2018-07-11T13:47:40.684551,1.056,-0.597,0.16,6,1.223578767
2018-07-11T13:47:40.736188,0.779,-0.982,0.058,6,1.254802375
2018-07-11T13:47:40.780807,0.779,-0.982,0.058,6,1.254802375
2018-07-11T13:47:40.834953,0.625,-0.555,0.135,6,0.846684711
2018-07-11T13:47:40.901129,0.578,-0.286,0.248,6,0.690929808
2018-07-11T13:47:40.965802,0.497,-0.187,0.372,6,0.648353299
2018-07-11T13:47:41.028970,0.497,-0.187,0.372,6,0.648353299
2018-07-11T13:47:41.096651,0.857,-0.728,0.783,6,1.370226988
2018-07-11T13:47:41.143777,1.043,-0.486,1.124,6,1.608546238
2018-07-11T13:47:41.277134,0.659,-0.504,0.085,6,0.833979616
2018-07-11T13:47:41.329774,0.659,-0.504,0.085,6,0.833979616
2018-07-11T13:47:41.394447,0.655,-1.019,0.136,6,1.218967596
2018-07-11T13:47:41.449594,0.63,-0.582,0.1,6,0.863495223
2018-07-11T13:47:41.504742,0.63,-0.582,0.1,6,0.863495223
2018-07-11T13:47:41.560390,0.546,-0.7,0.103,6,0.89371416
2018-07-11T13:47:41.605009,0.58,-0.779,0.275,6,1.009388924
2018-07-11T13:47:41.657468,0.58,-0.779,0.275,6,1.009388924
2018-07-11T13:47:41.701585,0.662,-0.909,0.2,6,1.142158045
2018-07-11T13:47:41.751725,0.766,-0.908,0.186,6,1.202420891
2018-07-11T13:47:41.810882,0.766,-0.908,0.186,6,1.202420891
2018-07-11T13:47:41.864029,0.642,-1.021,0.045,6,1.206909276
2018-07-11T13:47:41.937228,0.995,-0.682,0.19,6,1.221167065
2018-07-11T13:47:41.984354,0.995,-0.682,0.19,6,1.221167065
2018-07-11T13:47:42.031486,0.852,-0.91,0.123,6,1.25265039
2018-07-11T13:47:42.080617,0.58,-0.487,0.16,6,0.774060075
2018-07-11T13:47:42.131757,0.58,-0.487,0.16,6,0.774060075
2018-07-11T13:47:42.183898,0.48,-0.21,0.28,6,0.59405387
2018-07-11T13:47:42.230023,0.468,-0.251,0.393,6,0.660661789
2018-07-11T13:47:42.280159,0.468,-0.251,0.393,6,0.660661789
2018-07-11T13:47:42.332302,0.984,-0.875,0.971,6,1.636069069
2018-07-11T13:47:42.371407,0.984,-0.875,0.971,6,1.636069069
2018-07-11T13:47:42.431572,0.806,-0.594,0.887,6,1.337625134
2018-07-11T13:47:42.479701,0.604,-0.539,0.019,6,0.809751814
2018-07-11T13:47:42.527330,0.604,-0.539,0.019,6,0.809751814
2018-07-11T13:47:42.641992,0.803,-0.793,0.261,6,1.158351846
2018-07-11T13:47:42.684105,0.803,-0.793,0.261,6,1.158351846
2018-07-11T13:47:42.740261,0.63,-0.494,0.107,6,0.807703535
2018-07-11T13:47:42.801424,0.605,-0.687,0.248,6,0.948418684
2018-07-11T13:47:42.856575,0.555,-0.85,0.215,6,1.037665649
2018-07-11T13:47:42.902698,0.555,-0.85,0.215,6,1.037665649
2018-07-11T13:47:42.950831,0.841,-0.753,0.23,6,1.152037326
2018-07-11T13:47:42.998959,0.841,-0.753,0.23,6,1.152037326
2018-07-11T13:47:43.054610,0.618,-1.04,0.265,6,1.238446204
2018-07-11T13:47:43.108756,0.594,-1.108,-0.02,6,1.257338459
2018-07-11T13:47:43.156385,0.594,-1.108,-0.02,6,1.257338459
2018-07-11T13:47:43.203511,1.18,-0.539,0.193,6,1.311552515
2018-07-11T13:47:43.266261,0.677,-0.969,0.057,6,1.183443704
2018-07-11T13:47:43.323417,0.677,-0.969,0.057,6,1.183443704
2018-07-11T13:47:43.370545,0.508,-0.576,0.187,6,0.790448607
2018-07-11T13:47:43.433719,0.615,-0.25,0.198,6,0.692769081
2018-07-11T13:47:43.490872,0.58,-0.254,0.41,6,0.754331492
2018-07-11T13:47:43.549031,0.58,-0.254,0.41,6,0.754331492
2018-07-11T13:47:43.593149,0.938,-0.847,0.987,6,1.603565402
2018-07-11T13:47:43.641282,0.688,-0.55,0.807,6,1.194609978
2018-07-11T13:47:43.700440,0.688,-0.55,0.807,6,1.194609978
2018-07-11T13:47:43.745565,0.756,-0.689,0.123,6,1.030235895
2018-07-11T13:47:43.806729,0.585,-0.644,0.018,6,0.870221236
2018-07-11T13:47:43.859875,0.585,-0.644,0.018,6,0.870221236
2018-07-11T13:47:43.902990,0.745,-1.012,0.193,6,1.271384285
